fold,snapshot_at,n,late,base_rate,rule_km,rule_km__recall,hazard_gbm,hazard_gbm__recall,aft_xgb,aft_xgb__recall,lambdamart,lambdamart__recall,ensemble_rank,ensemble_rank__recall
F1,2017-07-08,611,22,0.03600654664484452,0.18,0.4090909090909091,0.16,0.36363636363636365,0.06,0.13636363636363635,0.18,0.4090909090909091,0.18,0.4090909090909091
F1,2017-07-15,955,44,0.04607329842931937,0.28,0.3181818181818182,0.24,0.2727272727272727,0.1,0.11363636363636363,0.28,0.3181818181818182,0.26,0.29545454545454547
F1,2017-07-22,1127,56,0.049689440993788817,0.32,0.2857142857142857,0.22,0.19642857142857142,0.16,0.14285714285714285,0.26,0.23214285714285715,0.24,0.21428571428571427
F1,2017-07-29,1063,66,0.062088428974600186,0.34,0.25757575757575757,0.34,0.25757575757575757,0.28,0.21212121212121213,0.28,0.21212121212121213,0.34,0.25757575757575757
F1,2017-08-05,1021,75,0.07345739471106758,0.48,0.32,0.44,0.29333333333333333,0.48,0.32,0.5,0.3333333333333333,0.52,0.3466666666666667
F1,2017-08-12,1049,76,0.07244995233555768,0.54,0.35526315789473684,0.48,0.3157894736842105,0.36,0.23684210526315788,0.5,0.32894736842105265,0.54,0.35526315789473684
F1,2017-08-19,1090,73,0.06697247706422019,0.5,0.3424657534246575,0.48,0.3287671232876712,0.38,0.2602739726027397,0.54,0.3698630136986301,0.54,0.3698630136986301
F1,2017-08-26,1004,66,0.06573705179282868,0.5,0.3787878787878788,0.4,0.30303030303030304,0.34,0.25757575757575757,0.44,0.3333333333333333,0.48,0.36363636363636365
F1,2017-09-02,1012,68,0.06719367588932806,0.5,0.36764705882352944,0.46,0.3382352941176471,0.36,0.2647058823529412,0.5,0.36764705882352944,0.54,0.39705882352941174
F1,2017-09-09,1089,69,0.06336088154269973,0.56,0.4057971014492754,0.54,0.391304347826087,0.38,0.2753623188405797,0.54,0.391304347826087,0.62,0.4492753623188406
F1,2017-09-16,1197,89,0.07435254803675856,0.34,0.19101123595505617,0.36,0.20224719101123595,0.32,0.1797752808988764,0.38,0.21348314606741572,0.44,0.24719101123595505
F1,2017-09-23,1235,125,0.10121457489878542,0.5,0.2,0.42,0.168,0.32,0.128,0.48,0.192,0.48,0.192
F2,2017-10-08,806,19,0.02357320099255583,0.06,0.15789473684210525,0.1,0.2631578947368421,0.04,0.10526315789473684,0.08,0.21052631578947367,0.1,0.2631578947368421
F2,2017-10-15,992,34,0.034274193548387094,0.26,0.38235294117647056,0.2,0.29411764705882354,0.06,0.08823529411764706,0.18,0.2647058823529412,0.22,0.3235294117647059
F2,2017-10-22,1197,83,0.06934001670843776,0.34,0.20481927710843373,0.42,0.25301204819277107,0.24,0.14457831325301204,0.3,0.18072289156626506,0.36,0.21686746987951808
F2,2017-10-29,1114,95,0.08527827648114901,0.52,0.2736842105263158,0.46,0.24210526315789474,0.46,0.24210526315789474,0.46,0.24210526315789474,0.54,0.28421052631578947
F2,2017-11-05,1016,86,0.08464566929133858,0.44,0.2558139534883721,0.5,0.29069767441860467,0.52,0.3023255813953488,0.52,0.3023255813953488,0.5,0.29069767441860467
F2,2017-11-12,1155,75,0.06493506493506493,0.44,0.29333333333333333,0.38,0.25333333333333335,0.34,0.22666666666666666,0.42,0.28,0.42,0.28
F2,2017-11-19,1422,96,0.06751054852320675,0.4,0.20833333333333334,0.44,0.22916666666666666,0.38,0.19791666666666666,0.38,0.19791666666666666,0.4,0.20833333333333334
F2,2017-11-26,1709,209,0.12229373902867174,0.62,0.14832535885167464,0.64,0.15311004784688995,0.6,0.14354066985645933,0.62,0.14832535885167464,0.62,0.14832535885167464
F2,2017-12-03,3027,601,0.19854641559299638,0.58,0.048252911813643926,0.5,0.04159733777038269,0.54,0.04492512479201331,0.58,0.048252911813643926,0.6,0.04991680532445923
F2,2017-12-10,3255,797,0.24485407066052228,0.68,0.04265997490589712,0.84,0.05269761606022585,0.74,0.04642409033877039,0.78,0.04893350062735257,0.78,0.04893350062735257
F2,2017-12-17,2899,725,0.25008623663332186,0.78,0.05379310344827586,0.84,0.057931034482758624,0.86,0.05931034482758621,0.8,0.05517241379310345,0.9,0.06206896551724138
F2,2017-12-24,2186,432,0.19762122598353157,0.84,0.09722222222222222,0.84,0.09722222222222222,0.86,0.09953703703703703,0.84,0.09722222222222222,0.9,0.10416666666666667
F3,2018-01-08,830,35,0.04216867469879518,0.14,0.2,0.18,0.2571428571428571,0.04,0.05714285714285714,0.18,0.2571428571428571,0.2,0.2857142857142857
F3,2018-01-15,1610,89,0.055279503105590065,0.42,0.23595505617977527,0.4,0.2247191011235955,0.18,0.10112359550561797,0.46,0.25842696629213485,0.44,0.24719101123595505
F3,2018-01-22,2251,144,0.0639715681919147,0.48,0.16666666666666666,0.42,0.14583333333333334,0.32,0.1111111111111111,0.38,0.13194444444444445,0.46,0.1597222222222222
F3,2018-01-29,2199,237,0.1077762619372442,0.52,0.10970464135021098,0.56,0.11814345991561181,0.56,0.11814345991561181,0.46,0.0970464135021097,0.54,0.11392405063291139
F3,2018-02-05,2063,306,0.14832767813863307,0.82,0.13398692810457516,0.88,0.1437908496732026,0.7,0.11437908496732026,0.8,0.13071895424836602,0.86,0.14052287581699346
F3,2018-02-12,2354,304,0.12914188615123195,0.7,0.11513157894736842,0.8,0.13157894736842105,0.76,0.125,0.76,0.125,0.74,0.12171052631578948
F3,2018-02-19,2510,385,0.15338645418326693,0.82,0.10649350649350649,0.88,0.11428571428571428,0.84,0.10909090909090909,0.9,0.11688311688311688,0.9,0.11688311688311688
F3,2018-02-26,2507,484,0.1930594335859593,0.68,0.07024793388429752,0.68,0.07024793388429752,0.7,0.07231404958677685,0.66,0.06818181818181818,0.68,0.07024793388429752
F3,2018-03-05,2841,840,0.29567053854276665,0.84,0.05,0.86,0.05119047619047619,0.82,0.04880952380952381,0.9,0.05357142857142857,0.88,0.05238095238095238
F3,2018-03-12,2916,1117,0.3830589849108368,0.96,0.04297224709042077,0.94,0.04207699194270367,0.94,0.04207699194270367,0.96,0.04297224709042077,0.98,0.043867502238137866
F3,2018-03-19,2833,1174,0.4144016943169785,0.86,0.036626916524701875,0.86,0.036626916524701875,0.84,0.03577512776831346,0.82,0.03492333901192504,0.84,0.03577512776831346
F4,2018-04-08,1282,159,0.12402496099843993,0.46,0.14465408805031446,0.4,0.12578616352201258,0.34,0.1069182389937107,0.44,0.13836477987421383,0.48,0.1509433962264151
F4,2018-04-15,1598,219,0.13704630788485608,0.6,0.136986301369863,0.54,0.1232876712328767,0.6,0.136986301369863,0.6,0.136986301369863,0.6,0.136986301369863
F4,2018-04-22,1865,211,0.1131367292225201,0.8,0.1895734597156398,0.74,0.17535545023696683,0.74,0.17535545023696683,0.8,0.1895734597156398,0.8,0.1895734597156398
F4,2018-04-29,1890,167,0.08835978835978836,0.74,0.2215568862275449,0.66,0.19760479041916168,0.56,0.16766467065868262,0.74,0.2215568862275449,0.7,0.20958083832335328
F4,2018-05-06,1849,172,0.09302325581395349,0.52,0.1511627906976744,0.52,0.1511627906976744,0.48,0.13953488372093023,0.54,0.1569767441860465,0.56,0.16279069767441862
F4,2018-05-13,1994,189,0.09478435305917753,0.7,0.18518518518518517,0.76,0.20105820105820105,0.76,0.20105820105820105,0.66,0.1746031746031746,0.74,0.19576719576719576
F4,2018-05-20,1885,313,0.1660477453580902,0.8,0.12779552715654952,0.72,0.11501597444089456,0.74,0.1182108626198083,0.78,0.12460063897763578,0.74,0.1182108626198083
